日時,河川水位,id
2026-08-27T01:30,1.25,1
2026-08-27T01:30,1.50,2
2026-08-27T01:30,0.78,3
2026-08-27T01:30,0.79,4
2026-08-27T01:30,0.78,5
2026-08-27T01:30,0.76,6
2026-08-27T01:30,4.08,7
2026-08-27T01:30,2.05,8
2026-08-27T01:30,0.43,9
2026-08-27T01:30,0.07,10
2026-08-27T01:30,0.04,12
2026-08-27T01:30,0.46,13
2026-08-27T01:30,1.86,14
2026-08-27T01:30,2.72,15
2026-08-27T01:30,6.02,16
2026-08-27T01:30,6.45,17
2026-08-27T01:20,1.08,22
2026-08-27T01:20,0.42,23
2026-08-27T01:20,1.07,24
2026-08-27T01:20,0.17,25
2026-08-27T01:20,0.83,26
2026-08-27T01:20,0.70,27
2026-08-27T01:20,0.87,28
2026-08-27T01:00,0.26,29
2026-08-27T01:00,0.61,30
2026-08-27T01:00,0.52,31
2026-08-27T01:00,0.72,32
2026-08-27T01:20,0.00,43
2026-08-27T01:20,0.93,45
2026-08-27T01:20,0.54,46
2026-08-27T01:20,1.10,47
2026-08-27T01:20,0.44,48
2026-08-27T01:00,4.62,49
2026-08-27T01:00,0.85,51
2026-08-27T01:20,0.65,62
2026-08-27T01:20,0.37,63
2026-08-27T01:30,0.09,64
2026-08-27T01:30,0.11,65
2026-08-27T01:30,0.03,66
2026-08-27T01:20,6.45,74
2026-08-27T01:20,0.22,75
2026-08-27T01:20,0.51,76
2026-08-27T01:20,0.20,77
2026-08-27T01:20,6.48,78
2026-08-27T01:20,0.22,79
2026-08-27T01:20,0.70,80
2026-08-27T01:20,6.91,81
2026-08-27T01:20,6.68,82
2026-08-27T01:20,6.78,83
2026-08-27T01:20,0.54,88
2026-08-27T01:20,0.25,89
2026-08-27T01:20,0.45,90
2026-08-27T01:20,0.00,91
2026-08-27T01:20,0.08,92
2026-08-27T01:20,0.40,93
2026-08-27T01:30,349.74,95
2026-08-27T01:20,0.13,96
2026-08-27T01:20,0.38,97
2026-08-27T01:20,1.27,107
2026-08-27T01:20,0.26,108
2026-08-27T01:20,0.71,109
2026-08-27T01:20,1.05,110
2026-08-27T01:20,0.42,111
2026-08-27T01:20,0.10,121
2026-08-27T01:20,0.21,122
2026-08-27T01:20,0.62,124
2026-08-27T01:30,0.19,126
2026-08-27T01:30,0.64,134
2026-08-27T01:30,0.14,135
2026-08-27T01:30,0.29,136
2026-08-27T01:30,0.71,137
2026-08-27T01:30,0.77,138
2026-08-27T01:30,0.07,139
2026-08-27T01:30,0.91,140
2026-08-27T01:30,0.60,141
2026-08-27T01:30,0.98,150
2026-08-27T01:30,0.19,151
2026-08-27T01:30,0.91,152
2026-08-27T01:30,0.89,153
2026-08-27T01:30,1.84,154
2026-08-27T01:30,0.02,155
2026-08-27T01:30,0.83,156
2026-08-27T01:30,1.06,157
2026-08-27T01:30,0.11,158
2026-08-27T01:00,*,170
2026-08-27T01:00,,171
2026-08-27T01:20,0.02,172
2026-08-27T01:20,1.06,174
2026-08-27T01:00,,176
2026-08-27T01:20,0.90,179
2026-08-27T01:20,1.12,180
2026-08-27T01:30,2.54,205
2026-08-27T01:30,0.75,206
2026-08-27T01:30,1.54,207
2026-08-27T01:30,1.50,208
2026-08-27T01:30,0.69,209
2026-08-27T01:30,2.01,210
2026-08-27T01:30,0.75,211
2026-08-27T01:30,0.96,212
2026-08-27T01:30,0.76,213
2026-08-27T01:30,0.20,215
2026-08-27T01:30,1.21,216
2026-08-27T01:30,3.10,217
2026-08-27T01:30,0.78,221
2026-08-27T01:00,0.26,251
2026-08-27T01:00,0.61,252
2026-08-27T01:30,0.11,253
2026-08-27T01:30,0.21,254
2026-08-27T01:30,0.04,255
2026-08-27T01:30,0.08,256
2026-08-27T01:30,0.64,257
2026-08-27T01:00,0.49,258
2026-08-27T01:00,0.64,259
2026-08-27T01:00,0.19,260
2026-08-27T01:00,0.07,261
2026-08-27T01:00,0.00,262
2026-08-27T01:00,0.03,263
2026-08-27T01:00,0.02,264
2026-08-27T01:00,0.10,265
2026-08-27T01:30,0.25,266
2026-08-27T01:30,0.16,267
2026-08-27T01:00,0.06,268
2026-08-27T04:10,1.18,1
2026-08-27T04:10,1.50,2
2026-08-27T04:10,0.88,3
2026-08-27T04:10,0.89,4
2026-08-27T04:10,0.82,5
2026-08-27T04:10,0.79,6
2026-08-27T04:10,4.07,7
2026-08-27T04:10,2.04,8
2026-08-27T04:10,0.42,9
2026-08-27T04:10,0.06,10
2026-08-27T04:10,0.04,12
2026-08-27T04:10,0.46,13
2026-08-27T04:10,1.88,14
2026-08-27T04:10,2.71,15
2026-08-27T04:10,6.03,16
2026-08-27T04:10,6.44,17
2026-08-27T04:10,1.07,22
2026-08-27T04:10,0.42,23
2026-08-27T04:10,1.07,24
2026-08-27T04:10,0.17,25
2026-08-27T04:10,0.83,26
2026-08-27T04:10,0.72,27
2026-08-27T04:10,0.94,28
2026-08-27T04:00,0.26,29
2026-08-27T04:00,0.61,30
2026-08-27T04:00,0.59,31
2026-08-27T04:00,0.71,32
2026-08-27T04:10,0.00,43
2026-08-27T04:10,0.94,45
2026-08-27T04:10,0.55,46
2026-08-27T04:10,1.10,47
2026-08-27T04:10,0.45,48
2026-08-27T04:00,4.62,49
2026-08-27T04:00,0.85,51
2026-08-27T04:10,0.64,62
2026-08-27T04:10,0.37,63
2026-08-27T04:10,0.09,64
2026-08-27T04:10,0.11,65
2026-08-27T04:10,0.03,66
2026-08-27T04:10,6.46,74
2026-08-27T04:10,0.23,75
2026-08-27T04:10,0.51,76
2026-08-27T04:10,0.20,77
2026-08-27T04:10,6.48,78
2026-08-27T04:10,0.22,79
2026-08-27T04:10,0.68,80
2026-08-27T04:10,6.90,81
2026-08-27T04:10,6.67,82
2026-08-27T04:10,6.77,83
2026-08-27T04:10,0.54,88
2026-08-27T04:10,0.25,89
2026-08-27T04:10,0.45,90
2026-08-27T04:10,0.01,91
2026-08-27T04:10,0.07,92
2026-08-27T04:10,0.39,93
2026-08-27T04:10,349.74,95
2026-08-27T04:10,0.13,96
2026-08-27T04:10,0.38,97
2026-08-27T04:10,1.27,107
2026-08-27T04:10,0.26,108
2026-08-27T04:10,0.70,109
2026-08-27T04:10,1.05,110
2026-08-27T04:10,0.42,111
2026-08-27T04:10,0.10,121
2026-08-27T04:10,0.21,122
2026-08-27T04:10,0.62,124
2026-08-27T04:10,0.19,126
2026-08-27T04:10,0.54,134
2026-08-27T04:10,0.14,135
2026-08-27T04:10,0.28,136
2026-08-27T04:10,0.71,137
2026-08-27T04:10,0.77,138
2026-08-27T04:10,0.07,139
2026-08-27T04:10,0.89,140
2026-08-27T04:10,0.61,141
2026-08-27T04:10,0.98,150
2026-08-27T04:10,0.23,151
2026-08-27T04:10,0.91,152
2026-08-27T04:10,0.89,153
2026-08-27T04:10,1.84,154
2026-08-27T04:10,0.06,155
2026-08-27T04:10,0.83,156
2026-08-27T04:10,1.09,157
2026-08-27T04:10,0.12,158
2026-08-27T04:00,*,170
2026-08-27T04:00,,171
2026-08-27T04:10,0.03,172
2026-08-27T04:10,1.06,174
2026-08-27T04:00,,176
2026-08-27T04:10,0.90,179
2026-08-27T04:10,1.12,180
2026-08-27T04:10,2.51,205
2026-08-27T04:10,0.75,206
2026-08-27T04:10,1.59,207
2026-08-27T04:10,1.49,208
2026-08-27T04:10,0.78,209
2026-08-27T04:10,2.01,210
2026-08-27T04:10,0.77,211
2026-08-27T04:10,0.98,212
2026-08-27T04:10,0.78,213
2026-08-27T04:10,0.19,215
2026-08-27T04:10,1.21,216
2026-08-27T04:10,3.10,217
2026-08-27T04:10,0.69,221
2026-08-27T04:00,0.26,251
2026-08-27T04:00,0.60,252
2026-08-27T04:10,0.11,253
2026-08-27T04:10,0.26,254
2026-08-27T04:10,0.03,255
2026-08-27T04:10,0.08,256
2026-08-27T04:10,0.64,257
2026-08-27T04:00,0.48,258
2026-08-27T04:00,0.63,259
2026-08-27T04:00,0.20,260
2026-08-27T04:00,0.07,261
2026-08-27T04:00,0.00,262
2026-08-27T04:00,0.03,263
2026-08-27T04:00,0.02,264
2026-08-27T04:00,0.10,265
2026-08-27T04:10,0.25,266
2026-08-27T04:10,0.16,267
2026-08-27T04:00,0.06,268
2026-08-27T08:20,1.23,1
2026-08-27T08:20,1.50,2
2026-08-27T08:20,0.78,3
2026-08-27T08:20,0.79,4
2026-08-27T08:20,0.84,5
2026-08-27T08:20,0.81,6
2026-08-27T08:20,4.07,7
2026-08-27T08:20,2.04,8
2026-08-27T08:20,0.42,9
2026-08-27T08:20,0.07,10
2026-08-27T08:20,0.04,12
2026-08-27T08:20,0.46,13
2026-08-27T08:20,1.89,14
2026-08-27T08:20,2.71,15
2026-08-27T08:20,6.03,16
2026-08-27T08:20,6.44,17
2026-08-27T08:20,1.06,22
2026-08-27T08:20,0.50,23
2026-08-27T08:20,1.06,24
2026-08-27T08:20,0.19,25
2026-08-27T08:20,0.86,26
2026-08-27T08:20,0.75,27
2026-08-27T08:20,0.98,28
2026-08-27T08:00,0.26,29
2026-08-27T08:00,0.61,30
2026-08-27T08:00,0.53,31
2026-08-27T08:00,0.69,32
2026-08-27T08:20,0.00,43
2026-08-27T08:20,0.94,45
2026-08-27T08:20,0.58,46
2026-08-27T08:20,1.14,47
2026-08-27T08:20,0.44,48
2026-08-27T08:00,4.62,49
2026-08-27T08:00,0.85,51
2026-08-27T08:20,0.64,62
2026-08-27T08:20,0.37,63
2026-08-27T08:20,0.10,64
2026-08-27T08:20,0.11,65
2026-08-27T08:20,0.04,66
2026-08-27T08:20,6.47,74
2026-08-27T08:20,0.23,75
2026-08-27T08:20,0.49,76
2026-08-27T08:20,0.21,77
2026-08-27T08:20,6.50,78
2026-08-27T08:20,0.22,79
2026-08-27T08:20,0.74,80
2026-08-27T08:20,6.90,81
2026-08-27T08:20,6.68,82
2026-08-27T08:20,6.78,83
2026-08-27T08:20,0.54,88
2026-08-27T08:20,0.26,89
2026-08-27T08:20,0.47,90
2026-08-27T08:20,0.04,91
2026-08-27T08:20,0.10,92
2026-08-27T08:20,0.40,93
2026-08-27T08:20,349.74,95
2026-08-27T08:20,0.13,96
2026-08-27T08:20,0.37,97
2026-08-27T08:20,1.27,107
2026-08-27T08:20,0.26,108
2026-08-27T08:20,0.71,109
2026-08-27T08:20,1.05,110
2026-08-27T08:20,0.41,111
2026-08-27T08:20,0.10,121
2026-08-27T08:20,0.22,122
2026-08-27T08:20,0.62,124
2026-08-27T08:20,0.19,126
2026-08-27T08:20,0.83,134
2026-08-27T08:20,0.14,135
2026-08-27T08:20,0.29,136
2026-08-27T08:20,0.72,137
2026-08-27T08:20,0.79,138
2026-08-27T08:20,0.08,139
2026-08-27T08:20,1.07,140
2026-08-27T08:20,0.62,141
2026-08-27T08:20,0.98,150
2026-08-27T08:20,0.23,151
2026-08-27T08:20,0.91,152
2026-08-27T08:20,0.89,153
2026-08-27T08:20,1.84,154
2026-08-27T08:20,0.03,155
2026-08-27T08:20,0.83,156
2026-08-27T08:20,1.10,157
2026-08-27T08:20,0.11,158
2026-08-27T08:00,*,170
2026-08-27T08:00,,171
2026-08-27T08:20,0.03,172
2026-08-27T08:20,1.07,174
2026-08-27T08:00,,176
2026-08-27T08:20,0.90,179
2026-08-27T08:20,1.12,180
2026-08-27T08:20,2.51,205
2026-08-27T08:20,0.78,206
2026-08-27T08:20,1.59,207
2026-08-27T08:20,1.50,208
2026-08-27T08:20,0.75,209
2026-08-27T08:20,2.01,210
2026-08-27T08:20,0.77,211
2026-08-27T08:20,1.01,212
2026-08-27T08:20,0.78,213
2026-08-27T08:20,0.19,215
2026-08-27T08:20,1.21,216
2026-08-27T08:20,3.12,217
2026-08-27T08:20,0.75,221
2026-08-27T08:00,0.22,251
2026-08-27T08:00,0.53,252
2026-08-27T08:20,0.12,253
2026-08-27T08:20,0.23,254
2026-08-27T08:20,0.05,255
2026-08-27T08:20,0.09,256
2026-08-27T08:20,0.65,257
2026-08-27T08:00,0.51,258
2026-08-27T08:00,0.68,259
2026-08-27T08:00,0.19,260
2026-08-27T08:00,0.07,261
2026-08-27T08:00,0.00,262
2026-08-27T08:00,0.03,263
2026-08-27T08:00,0.02,264
2026-08-27T08:00,0.14,265
2026-08-27T08:20,0.31,266
2026-08-27T08:20,0.17,267
2026-08-27T08:00,0.06,268
2026-08-27T18:30,0.97,1
2026-08-27T18:30,2.32,2
2026-08-27T18:30,0.80,3
2026-08-27T18:30,0.81,4
2026-08-27T18:30,0.82,5
2026-08-27T18:30,0.72,6
2026-08-27T18:30,4.35,7
2026-08-27T18:30,1.93,8
2026-08-27T18:30,0.95,9
2026-08-27T18:30,0.31,10
2026-08-27T18:30,0.41,12
2026-08-27T18:30,0.56,13
2026-08-27T18:30,2.49,14
2026-08-27T18:30,3.37,15
2026-08-27T18:30,6.55,16
2026-08-27T18:30,6.48,17
2026-08-27T18:30,2.05,22
2026-08-27T18:30,1.01,23
2026-08-27T18:30,2.47,24
2026-08-27T18:30,0.79,25
2026-08-27T18:30,1.75,26
2026-08-27T18:30,0.69,27
2026-08-27T18:30,0.87,28
2026-08-27T18:00,0.34,29
2026-08-27T18:00,0.78,30
2026-08-27T18:00,0.84,31
2026-08-27T18:00,1.35,32
2026-08-27T18:30,0.00,43
2026-08-27T18:30,0.93,45
2026-08-27T18:30,0.60,46
2026-08-27T18:30,1.17,47
2026-08-27T18:30,0.40,48
2026-08-27T18:00,4.62,49
2026-08-27T18:00,0.93,51
2026-08-27T18:30,0.79,62
2026-08-27T18:30,0.50,63
2026-08-27T18:30,0.19,64
2026-08-27T18:30,0.22,65
2026-08-27T18:30,0.14,66
2026-08-27T18:30,6.57,74
2026-08-27T18:30,0.28,75
2026-08-27T18:30,0.62,76
2026-08-27T18:30,0.67,77
2026-08-27T18:30,6.58,78
2026-08-27T18:30,0.22,79
2026-08-27T18:30,0.83,80
2026-08-27T18:30,6.99,81
2026-08-27T18:30,6.69,82
2026-08-27T18:30,6.79,83
2026-08-27T18:30,0.68,88
2026-08-27T18:30,0.29,89
2026-08-27T18:30,0.51,90
2026-08-27T18:30,0.10,91
2026-08-27T18:30,0.22,92
2026-08-27T18:30,0.39,93
2026-08-27T18:30,349.75,95
2026-08-27T18:30,0.13,96
2026-08-27T18:30,0.32,97
2026-08-27T18:30,1.25,107
2026-08-27T18:30,0.26,108
2026-08-27T18:30,0.69,109
2026-08-27T18:30,1.08,110
2026-08-27T18:30,0.00,111
2026-08-27T18:30,0.46,121
2026-08-27T18:30,0.33,122
2026-08-27T18:30,0.01,124
2026-08-27T18:30,0.23,126
2026-08-27T18:30,0.55,134
2026-08-27T18:30,0.14,135
2026-08-27T18:30,0.28,136
2026-08-27T18:30,0.72,137
2026-08-27T18:30,0.80,138
2026-08-27T18:30,0.06,139
2026-08-27T18:30,0.86,140
2026-08-27T18:30,0.65,141
2026-08-27T18:30,0.99,150
2026-08-27T18:30,0.23,151
2026-08-27T18:30,0.94,152
2026-08-27T18:30,0.90,153
2026-08-27T18:30,1.84,154
2026-08-27T18:30,0.17,155
2026-08-27T18:30,0.83,156
2026-08-27T18:30,1.17,157
2026-08-27T18:30,0.11,158
2026-08-27T18:00,,170
2026-08-27T18:00,,171
2026-08-27T18:30,0.02,172
2026-08-27T18:30,1.02,174
2026-08-27T18:00,,176
2026-08-27T18:30,0.92,179
2026-08-27T18:30,1.13,180
2026-08-27T18:30,1.91,205
2026-08-27T18:30,0.86,206
2026-08-27T18:30,1.52,207
2026-08-27T18:30,1.31,208
2026-08-27T18:30,0.71,209
2026-08-27T18:30,1.84,210
2026-08-27T18:30,0.72,211
2026-08-27T18:30,0.97,212
2026-08-27T18:30,0.68,213
2026-08-27T18:30,0.12,215
2026-08-27T18:30,1.22,216
2026-08-27T18:30,3.20,217
2026-08-27T18:30,0.59,221
2026-08-27T18:00,0.29,251
2026-08-27T18:00,0.70,252
2026-08-27T18:30,0.10,253
2026-08-27T18:30,0.25,254
2026-08-27T18:30,0.17,255
2026-08-27T18:30,0.06,256
2026-08-27T18:30,0.62,257
2026-08-27T18:00,0.48,258
2026-08-27T18:00,0.60,259
2026-08-27T18:00,0.22,260
2026-08-27T18:00,0.07,261
2026-08-27T18:00,0.00,262
2026-08-27T18:00,0.03,263
2026-08-27T18:00,0.02,264
2026-08-27T18:00,0.10,265
2026-08-27T18:30,0.32,266
2026-08-27T18:30,0.26,267
2026-08-27T18:00,0.05,268
